"No","Player Name","School Name","Gm","Avg","E","Top 1","Top 5","Top 10","Top 25","Field Avg","Avg Diff"
"1","Lauren Tomaszewski","North Carolina A&T","41","216.073","7","1","3","5","6","190.219","25.854"
"2","Jaqueline Witura","Webber International University","58","208.362","11","3","6","6","11","172.064","36.298"
"3","Allie Leiendecker","Louisiana Tech University","50","208.06","10","1","2","2","8","188.565","19.495"
"4","Patricia Rosales","Louisiana Tech University","50","207.02","10","1","2","3","5","188.755","18.265"
"5","Linda Himes","Webber International University","47","206.149","11","1","6","8","8","171.87","34.279"
"6","Maya Avilez","North Carolina A&T","40","206.075","7","0","0","1","5","190.414","15.661"
"7","Abbie Leiendecker","Louisiana Tech University","45","205.511","9","0","2","2","4","188.708","16.803"
"8","Mary Orf","Wichita State University","52","205.442","9","1","3","6","7","170.398","35.044"
"9","Brystal Beyer","Stephen F. Austin State University","47","205.426","9","0","1","3","7","187.661","17.764"
"10","Lara Kurt","Savannah College Of Art And Design-Savannah","50","204.64","10","1","5","5","8","169.473","35.167"
"11","Kylee Trexler","Louisiana Tech University","48","204.542","10","0","1","1","3","188.699","15.843"
"12","Brooke Salzman","Mount Mercy University","51","204.49","10","2","4","6","8","167.581","36.909"
"13","Juliana Kerrigan","Stephen F. Austin State University","43","204.465","9","1","3","3","5","187.536","16.929"
"14","Ashtyn Woods","Wichita State University","46","203.87","8","1","4","4","6","171.548","32.322"
"15","Kristen Derr","Tulane University","41","203.634","8","0","0","3","7","184.737","18.897"
"16","Anna Maxwell","Maryville University","47","203.149","9","0","2","4","6","185.255","17.893"
"17","Kinsey Miller","Baker University","59","201.763","10","2","5","8","10","167.614","34.149"
"18","Kristina Catoe","Pikeville ,University Of","58","201.224","12","2","5","8","12","170.098","31.126"
"19","Megan Kolberg","Mount Mercy University","42","201.024","10","1","4","6","6","166.691","34.333"
"20","Rachel Moore","Culver-Stockton College","55","200.291","10","2","7","7","8","167.5","32.791"
"21","Morgan Nunn","Indiana Institute Of Technology","58","200.103","12","1","6","6","11","170.49","29.614"
"22","Kiara Abanto","University of the Cumberlands","53","198.962","10","1","2","6","7","169.671","29.291"
"23","Danielle Jedlicki","Louisiana Tech University","47","198.915","10","0","0","0","1","188.94","9.975"
"24","Kelsey Cummings","Pikeville ,University Of","42","198.81","11","1","2","3","4","171.568","27.242"
"25","Vanessa Fuzie","Pikeville ,University Of","46","197.913","10","1","2","5","7","170.065","27.848"
"26","Hannah Klein","Notre Dame College","48","197.813","10","2","4","4","8","167.168","30.645"
"27","Kayla Tafanelli","Spring Arbor University","54","197.13","13","4","6","7","8","163.248","33.881"
"28","Addy Nelson","Savannah College Of Art And Design-Savannah","43","196.86","10","0","3","3","5","169.236","27.624"
"29","Jenna Williams","Webber International University","50","196.54","9","0","0","5","5","172.011","24.529"
"30","Madison Colston","Alabama-Birmingham ,University Of","40","196.1","7","0","0","2","5","183.516","12.584"
"31","Piper Reams","Wichita State University","54","195.611","9","0","1","4","8","169.943","25.668"
"32","Emaly Kruse","Morningside University","54","195.352","9","1","3","7","8","165.766","29.586"
"33","Tandess O'neal","Marian University (IN)","53","195.132","11","2","5","7","9","165.855","29.278"
"34","Karine Bouchard","Davenport University","52","195.038","10","1","3","4","8","167.954","27.085"
"35","Lexus Petrich","McKendree University","47","194.979","9","0","1","3","5","177.693","17.286"
"36","Brooklyn Gagnon","Wichita State University","51","194.51","9","1","3","3","4","169.828","24.682"
"37","Keagan Trexler","Alabama-Birmingham ,University Of","40","194.4","7","0","2","3","5","183.516","10.884"
"38","Chloe Siezega","Judson University","49","194.184","9","0","3","4","5","166.353","27.831"
"39","Rachel Nelson","Wisc.-Whitewater","45","193.6","8","0","1","1","4","182.898","10.702"
"40","Rhian Dobinson","McKendree University","42","193.571","8","0","2","3","4","176.392","17.18"
"41","Gabriella Evans","William Penn University","56","192.446","10","0","2","3","5","169.166","23.28"
"42","Hannah Vaughn","Mount Vernon Nazarene University","50","192.2","11","0","6","8","10","161.494","30.706"
"43","Elizabeth (Lizzy) Rittenour","Lindenwood University","43","192.116","10","2","2","5","7","170.718","21.399"
"44","De Alani Fishbeck","Lewis University","41","192","9","0","2","3","4","177.61","14.39"
"45","Emily Cheesman","Milligan University","46","191.739","10","0","1","1","8","170.856","20.883"
"46","McKenzie Mattice","St. Francis (IL) ,University Of","66","191.636","12","0","2","4","7","170.197","21.439"
"47","Kasey Eaton","Davenport University","58","191.362","11","0","2","4","8","168.498","22.864"
"48","Paige Plautz","Calumet College Of St. Joseph","53","190.623","9","0","2","2","5","168.389","22.233"
"49","Tori Justice","Oklahoma Christian University","45","190.022","9","1","1","1","3","180.757","9.265"
"50","Hailey Bozych","Lindenwood University","49","189.98","10","1","3","4","7","170.574","19.405"
"51","Laura Bartelt","Maryville University","45","189.933","9","0","0","1","3","185.028","4.906"
"52","Devon Thomas","Spring Arbor University","50","189.88","13","0","2","5","6","163.696","26.184"
"53","McKenzie Wagner","Northwestern Ohio ,University Of","55","189.691","11","1","3","4","8","163.543","26.148"
"54","Gabriella VanHorn","Concordia University","66","189.621","13","0","2","4","6","171.958","17.663"
"55","Abbey Ambroza","Ohio State University","52","189.5","10","2","4","7","8","161.185","28.315"
"56","Emilee Hughes","Concordia University","66","189.364","13","0","2","3","8","171.958","17.406"
"57","Afton Lords","Midway University","63","189.317","12","0","2","3","8","169.677","19.64"
"58","Allison Nape","St. Francis (IL) ,University Of","60","189.283","12","0","2","3","5","170.061","19.222"
"59","Brooke Kochel","Lawrence Technological University","49","189","13","0","1","3","5","170.208","18.792"
"60","Megan Gillson","Saint Xavier University","56","188.911","10","0","1","4","4","169.249","19.662"
"61","Sasha Uchwal","Midway University","70","188.857","13","0","1","3","10","168.936","19.921"
"62","Montana Hernandez","Spring Arbor University","44","188.705","13","0","2","3","4","164.648","24.057"
"62","Brianna Rickert","Milligan University","44","188.705","10","0","0","2","5","171.15","17.555"
"64","Kaitlyn Yearsich","St. Francis (IL) ,University Of","62","188.516","12","0","1","2","6","169.87","18.646"
"65","Whittney Morse","Coe College","51","188.51","10","0","3","6","8","166.39","22.12"
"66","Sienna Stoner","Southern Nazarene University","66","188.455","11","2","5","7","9","167.933","20.522"
"67","Meagan Kennedy","Indiana Institute Of Technology","58","188.431","12","0","1","4","9","170.49","17.941"
"68","Rachel Foreback","Notre Dame College","48","188.354","10","0","3","5","6","167.168","21.186"
"69","Olivia Daujatas","Saint Xavier University","51","188.353","9","1","1","1","5","169.204","19.149"
"70","Kadence Bottrall","Davenport University","55","188.327","11","0","2","3","5","168.877","19.451"
"71","Olivia Spaller","Madonna University","48","188.271","12","0","3","5","6","168.501","19.77"
"72","Macy Barber","Emmanuel University","45","188.267","9","0","3","5","5","170.169","18.097"
"73","Paige Frantz","University of the Cumberlands","53","187.83","10","0","2","2","5","169.471","18.359"
"74","Kelly Whipple","Wisc.-Whitewater","45","187.733","8","0","0","1","3","182.898","4.835"
"75","Lydia Flanagan","Trine University","45","187.622","11","1","2","2","6","168.806","18.816"
"76","Kaylee Hauck","Muskingum University","59","187.458","11","1","4","5","9","164.328","23.13"
"77","Madison Davis","Tennessee Wesleyan University","58","187.207","11","0","1","1","3","171.304","15.903"
"78","Katrina Kendle","Coe College","49","187.061","10","0","2","6","7","166.362","20.7"
"79","Sarah Chilvers","Lourdes University","50","187.04","11","0","1","4","8","169.172","17.868"
"79","Aliyah Alleyne","Webber International University","50","187.04","11","0","1","2","4","171.652","15.388"
"81","Megan Timm","Trine University","49","187.02","11","0","2","3","5","169.127","17.893"
"82","Allison Robbins","Milligan University","43","186.86","10","0","1","2","4","171.409","15.452"
"83","Paige Carpenter","Judson University","46","186.739","9","0","1","3","3","166.347","20.393"
"84","Victoria Hines","Pikeville ,University Of","44","186.727","12","0","0","2","2","170.799","15.929"
"85","Monica Darrow","Saint Xavier University","57","186.719","10","0","0","2","5","169.155","17.564"
"86","Kiaralyn Backstrom","Ottawa University (KS)","42","186.524","10","0","2","2","3","166.477","20.047"
"87","Gabriella Hernandez","Ottawa University (KS)","62","186.516","11","2","2","3","6","165.971","20.545"
"88","Jadyn Barr","Ottawa University (KS)","55","186.327","11","0","1","4","5","166.316","20.012"
"89","Erica Lohr","Lewis University","41","186.317","9","0","1","2","5","177.54","8.777"
"90","Mackenzie Ullian","Mount Mercy University","42","186.31","10","0","1","2","5","166.616","19.693"
"91","Hailey Triske","William Woods University","58","185.724","10","0","1","1","5","169.598","16.126"
"92","Erin Williams","St. Ambrose University","52","185.712","10","0","2","2","5","167.205","18.507"
"93","Marissa Bills","St. Ambrose University","48","185.542","10","0","0","2","4","167.692","17.85"
"94","Brenna Schiekiera","Marian University (WI)","42","185.476","8","2","3","4","4","172.267","13.21"
"95","Miranda Cain","Kentucky Wesleyan","47","185.468","9","1","1","2","5","172.393","13.075"
"96","Emily Newbauer","Viterbo University","40","185.45","8","2","5","5","7","160.779","24.671"
"97","Madison Davenport","Rock Valley College","58","185.362","11","1","1","2","5","167.765","17.597"
"98","Abigail Justice","St. Vincent College","45","185.311","9","1","2","3","5","163.554","21.757"
"99","Trista Rauma","William Woods University","58","185.31","10","0","0","1","5","169.598","15.712"
"100","Alyssa Campbell","Cumberland University","41","185.171","9","0","2","2","4","167.896","17.274"
"101","Samantha Smith","Lindenwood University","42","185.048","10","0","2","2","5","170.206","14.842"
"102","Jocelynn Eggert","Marian University (WI)","51","184.902","10","1","3","3","4","170.491","14.411"
"103","Sydney Dickson","Rio Grande ,University Of","64","184.875","12","1","3","5","10","163.594","21.281"
"104","Katherine Newman","Trine University","40","184.85","10","0","1","3","4","169.223","15.627"
"105","Taylor Mcbride","Lourdes University","45","184.844","11","0","2","2","5","170.339","14.506"
"106","Makenzie Gossett","Wright State University","45","184.8","10","0","1","3","7","166.318","18.482"
"107","Barbara Lunsford","Saint Xavier University","45","184.733","9","0","1","1","2","168.362","16.371"
"108","Sammantha Meyers","William Penn University","47","184.553","10","0","0","1","1","168.841","15.712"
"109","Brooklinn Chavez","Calumet College Of St. Joseph","41","184.463","9","0","0","0","1","168.783","15.68"
"110","Omani Morales","Davenport University","40","184.425","8","0","1","2","2","167.625","16.8"
"111","Skyy Nicholls","St. Vincent College","42","184.357","9","1","2","3","4","163.35","21.007"
"112","Holly Bridges","Ottawa University (KS)","62","184.274","11","2","3","5","7","165.961","18.313"
"113","Jordan Downham","Indiana Institute Of Technology","51","184.176","12","0","1","2","4","170.837","13.34"
"114","Allie Williams","Ottawa University (KS)","63","183.81","11","0","2","2","7","166.201","17.609"
"115","Jacqueline Oliphant","University of the Cumberlands","40","183.75","8","0","0","2","5","169.582","14.168"
"116","Maegan Coleman","Midway University","70","183.557","13","0","2","4","8","168.847","14.71"
"117","Olivia Johnson","Notre Dame College","46","183.087","10","0","0","1","3","167.214","15.873"
"118","Erika Taylor","University of the Cumberlands","44","183","10","0","0","1","2","170.222","12.778"
"119","Laila Lupercio","Madonna University","43","182.953","11","0","0","2","5","168.822","14.131"
"120","Lida Burgos","Saint Xavier University","41","182.951","10","0","0","0","2","168.631","14.32"
"121","Morgan Schoon","Calumet College Of St. Joseph","47","182.617","9","0","0","0","3","167.984","14.633"
"122","Marissa Ruiz","Hastings College","54","182.556","10","0","3","4","6","165.174","17.381"
"123","Sara Ritchie","Rochester University","55","182.545","12","0","3","5","5","170.256","12.289"
"124","Tayler Clark","Muskingum University","56","182.482","11","0","3","5","5","164.661","17.821"
"125","Rachel Iha","Lawrence Technological University","47","182.298","13","0","2","2","4","168.975","13.323"
"126","Savanah Rodriguez","Calumet College Of St. Joseph","40","182.275","9","0","1","1","2","167.645","14.63"
"126","Baylie Navarro","Bethel University (IN)","40","182.275","9","1","4","7","7","161.566","20.709"
"128","Kelsey Wilson","Muskingum University","60","182.25","11","0","2","7","8","164.449","17.801"
"129","Rebecca Howard","Wisc.-Whitewater","41","182.22","8","0","0","1","3","182.861","-0.641"
"130","Jillian Treska","Indiana Institute Of Technology","50","182.02","12","0","2","3","4","170.393","11.627"
"131","Alexa Tieto","McKendree University","44","181.75","9","0","1","1","2","178.514","3.236"
"132","Izzy Fletcher","William Woods University","50","181.7","10","0","1","1","1","169.943","11.757"
"133","Madison Ross","William Penn University","44","181.636","10","0","0","0","3","169.392","12.245"
"134","Jessica Ludwick","Michigan-Dearborn","44","181.455","10","0","2","4","7","164.969","16.486"
"135","Chloe Long","Shawnee State University","41","181.415","9","0","0","2","8","159.884","21.531"
"136","Brooklyn Suzuki","Huntington University","48","181.208","12","1","2","4","6","163.967","17.241"
"137","Hannah Rearick","Shawnee State University","47","181.17","10","0","0","2","8","162.303","18.868"
"138","Emily Spicuzza","Purdue University","52","181.154","9","0","1","1","5","165.95","15.204"
"139","Alli Shattuck","Wright State University","40","181.15","10","0","0","0","4","164.734","16.416"
"140","Morgan Smith","Alma College","66","181.106","14","2","2","4","9","165.468","15.638"
"141","Leeah Wade","Bethel University (IN)","40","180.625","9","0","1","5","8","161.566","19.059"
"142","Hailee Hale","Cleary University","51","180.49","12","0","1","3","7","168.322","12.168"
"143","Carolina Alvarado Delgado","Lewis University","41","180.488","9","0","1","1","3","175.269","5.219"
"144","Abigail Arnes","Lourdes University","41","180.415","10","0","1","3","4","168.753","11.662"
"145","Samantha Dulz","Cleary University","50","180.36","12","0","0","0","7","168.469","11.891"
"146","Emily Pepper","Spring Arbor University","49","180.143","13","1","2","4","6","161.904","18.238"
"147","Holly Santucci","Viterbo University","46","180.065","9","1","3","6","9","158.496","21.569"
"148","Taylor Petrey","Midway University","64","179.781","13","0","0","1","7","168.933","10.848"
"149","Kayla Devine","St. Ambrose University","41","179.439","9","0","0","2","4","167.942","11.497"
"150","Carissa Johnson","Morningside University","53","179.396","9","0","1","2","4","165.979","13.417"
"151","Madison Henderson","Hastings College","56","179.339","10","1","2","3","5","165.97","13.369"
"152","Jacklyn Koehler","St. Vincent College","41","179.22","9","0","0","2","5","163.733","15.487"
"153","Taylor Edgerton","Savannah College Of Art And Design-Atlanta","40","179.15","9","0","1","1","3","170.359","8.791"
"154","Kyley Olson","Rock Valley College","58","179.069","11","0","0","2","3","167.765","11.304"
"155","Kyleigh Husted","Tennessee Wesleyan University","47","179.064","9","0","0","0","2","171.227","7.837"
"155","Alysa Conley","Kentucky Wesleyan","47","179.064","9","0","0","1","2","172.163","6.901"
"157","Sabine Strickland","St. Vincent College","43","178.884","9","0","1","2","4","163.237","15.647"
"158","Macie Hadley","Marian University (IN)","51","178.882","11","0","0","3","5","165.72","13.163"
"159","Piper Plautz","Calumet College Of St. Joseph","50","178.86","9","0","0","0","3","168.638","10.222"
"160","Lilly Pryor","Huntington University","45","178.667","11","0","1","1","7","165.269","13.398"
"161","Estrella De La Rosa","St. Francis (IL) ,University Of","44","178.591","11","0","0","0","1","171.605","6.986"
"162","Jasmine Saunders","Culver-Stockton College","55","178.473","10","0","0","1","4","167.5","10.973"
"163","Isabel Tetmeyer","Grand View University","54","178.426","10","0","1","2","3","167.251","11.175"
"164","Carly Snyder","Davenport University","48","178.354","10","0","1","2","5","167.848","10.506"
"165","Kaytlyn Andrews","Grand View University","52","178.231","10","0","0","2","4","167.265","10.966"
"166","Alexandra Drsek","Wright State University","42","178","10","0","2","2","4","167.847","10.153"
"167","Victoria Cruz Cervantes","Midland University","48","177.896","9","0","0","0","2","169.121","8.775"
"168","Caroline Holowenko","Lawrence Technological University","45","177.778","13","0","0","1","2","170.175","7.602"
"169","Haleigh Lawwell","University of the Cumberlands","42","177.643","10","0","0","0","2","169.877","7.766"
"170","Miranda Emery","McKendree University","44","177.568","9","0","0","0","2","177.312","0.256"
"171","Alexandria Hahn","Lourdes University","45","177.556","11","0","1","3","3","169.184","8.372"
"172","Emily Readnour","Campbellsville University","41","177.415","8","1","1","1","2","168.766","8.649"
"173","Claire Busch","Avila University","58","177.276","10","0","0","1","5","166.977","10.299"
"174","Kasey Pleas","Iowa Western Community College","48","177.167","9","0","2","4","6","165.014","12.153"
"175","Riley Brownrigg","Rochester University","51","177.137","12","0","1","1","5","170.33","6.807"
"176","Amelia (Mia) Adams","Lawrence Technological University","46","176.957","13","0","0","0","3","170.349","6.608"
"177","Savannah Claar","Ohio State University","52","176.942","10","0","1","3","5","161.185","15.757"
"178","Katie Fraser","Huntington University","52","176.5","12","0","2","4","8","164.754","11.746"
"179","Makenzie Millard","Peru State College","46","176.478","9","0","0","2","5","161.668","14.81"
"180","Megan Helpman","Siena Heights University","46","176.391","10","0","1","1","4","167.566","8.825"
"181","Kaylee Bergstrom","Midland University","41","176.268","8","0","2","2","2","167.906","8.362"
"182","Caity Moody","Rio Grande ,University Of","61","176.131","12","0","1","1","6","164.118","12.013"
"183","Avery Reeves","Midway University","50","175.98","13","0","0","0","3","168.81","7.17"
"184","Ziayra Hulbert","Alma College","61","175.738","13","0","0","1","5","165.853","9.885"
"185","Jersey Lessenger","Culver-Stockton College","55","175.709","10","0","0","0","6","167.5","8.21"
"186","Elizabeth Springsteen","Muskingum University","55","175.527","11","0","0","3","6","163.273","12.254"
"187","Theresa De Werth","Iowa Western Community College","48","175.5","9","0","1","2","6","165.014","10.486"
"188","Paige Harns","Waldorf University","51","175.471","9","0","1","1","5","169.681","5.789"
"189","Jasmine Bridges","Barton Community College","57","175.175","10","0","0","2","7","169.062","6.114"
"190","Ashland Hoyt","Midland University","60","175.117","11","0","0","0","3","167.911","7.205"
"191","Cydnee Whiteleather","William Penn University","40","174.75","10","0","0","1","1","168.75","6"
"192","Leigha Rue","Cleary University","45","174.6","11","0","0","0","4","168.555","6.045"
"193","Kinzie Temple","Hastings College","50","174.46","10","0","1","1","3","165.909","8.551"
"194","Hannah Yelk","Wisc.-Madison","47","174.383","9","0","2","4","6","162.52","11.863"
"195","Lisa Dinh-Trinh","Texas A&M University","45","174.311","7","0","1","2","5","169.134","5.177"
"196","Kerry Crossman","Iowa Western Community College","48","174.167","9","1","1","2","7","165.014","9.153"
"197","Madison Shontz","Culver-Stockton College","55","174.036","10","0","0","0","1","167.5","6.537"
"198","Jaden Gibson","Northwestern Ohio ,University Of","56","173.982","11","0","0","1","3","163.659","10.323"
"199","Emma Clancy","Clarke University","54","173.907","10","0","0","1","5","168.938","4.969"
"200","Amanda Fisher","Concordia University","50","173.86","12","0","0","0","3","172.763","1.097"
"201","Samantha Pendleton","Wisc.-Madison","47","173.574","9","0","1","6","6","162.52","11.055"
"202","Rachel Spier","Morningside University","49","173.51","9","0","0","1","4","165.169","8.341"
"203","Emma Peruzzi","Ohio State University","52","173.346","10","0","1","2","6","161.185","12.161"
"203","Kassidy Gerken","Clarke University","52","173.346","10","0","0","0","5","168.964","4.382"
"205","Breanne West","Columbia College","47","172.787","10","0","1","1","3","164.991","7.796"
"206","Abigail Dwyer","Marian University (IN)","44","172.568","11","0","0","1","1","166.384","6.184"
"207","Chailyn Scott","Barton Community College","51","172.549","10","0","0","2","4","169.442","3.107"
"208","Kristin Hosea","Marian University (IN)","45","172.511","11","0","0","1","6","165.673","6.839"
"209","Makena Cruz","Southern Nazarene University","66","172.485","11","0","1","3","7","167.933","4.552"
"210","Daylin Tolgo","Kentucky Wesleyan","42","172.381","9","0","1","1","1","172.706","-0.325"
"211","Olyvia Bittner","Shawnee State University","44","172.341","10","0","0","1","3","162.529","9.812"
"212","Dylan Holmes","Baker University","51","172.137","9","0","0","0","0","167.9","4.237"
"213","Gabrielle Heath","Southern Nazarene University","40","172.075","7","0","0","2","3","167.949","4.126"
"214","Samantha Ramirez","Texas-San Antonio ,University Of","41","171.878","7","1","1","2","4","170.016","1.862"
"215","Jerika Koopmeiners","Midland University","59","171.864","11","0","0","1","3","168.196","3.668"
"216","Emily Ziegler","Midland University","58","171.81","11","0","0","0","2","167.817","3.993"
"217","Alexa Munhofen","Morningside University","50","171.76","9","0","0","1","2","165.507","6.253"
"218","Amanda Kouros","Indiana Wesleyan University","47","171.745","11","1","1","2","7","159.83","11.915"
"219","Grace Oklota","Robert Morris University (PA)","41","171.683","9","0","0","0","4","162.632","9.051"
"220","Rebecca Kruithof","Texas A&M University","45","171.622","7","0","2","2","4","168.329","3.294"
"221","Madison Singleton","Waldorf University","43","171.372","8","0","0","0","2","170.027","1.345"
"222","Audrey Valdez","Baker University","55","171.255","10","0","0","1","1","167.8","3.455"
"223","Haylee Busch","Kansas Wesleyan University","45","171.111","8","0","1","2","4","164.512","6.599"
"224","Emilee Hall","Grand View University","51","170.686","10","0","0","0","2","167.839","2.847"
"225","Cady Tipple","Northwestern Ohio ,University Of","56","170.571","11","0","0","0","3","163.659","6.912"
"226","Marie Fahlsing","Texas A&M University","46","170.348","7","0","2","2","4","168.61","1.738"
"227","Jaymie Clere","Huntington University","49","170.306","12","0","0","2","6","165.072","5.234"
"228","Michelle Stewart","Grand View University","42","170.238","9","0","0","0","2","166.436","3.802"
"229","Adrianna Albert","Waldorf University","41","170.098","8","0","0","1","5","168.345","1.753"
"230","Olivia Oliver","Barton Community College","46","170","9","0","0","1","2","170.122","-0.122"
"231","Hailey Yingst","Muskingum University","52","169.962","11","0","1","1","5","163.687","6.274"
"232","Ella Husted","Tennessee Wesleyan University","45","169.956","11","0","0","0","2","171.578","-1.622"
"233","Hannah Patch","Siena Heights University","46","169.935","10","0","1","1","4","167.566","2.368"
"234","Kaylee Nicholas","Ohio State University","51","169.804","10","0","0","2","4","161.347","8.457"
"235","Erika Lewis","Bethel University (IN)","40","169.725","9","0","0","3","7","161.566","8.159"
"236","Hallie Weaver","Alma College","62","169.613","14","0","0","2","7","165.039","4.574"
"237","Libby Leach","Iowa Central Community College","51","169.608","10","0","1","1","4","168.542","1.066"
"238","Lauren Funk","Hawkeye Community College","42","169.429","9","0","2","2","4","165.01","4.419"
"239","Kirsten Butcher","William Woods University","41","168.805","9","0","0","0","0","171.924","-3.119"
"240","Olivia Johnston","Siena Heights University","41","168.439","9","0","0","1","2","168.66","-0.221"
"241","Heather Viers","Waldorf University","44","168.364","9","0","0","1","2","170.185","-1.822"
"242","Alexis Simonet","Wisc.-Milwaukee","47","168.043","9","0","0","3","5","161.904","6.139"
"243","Ashleigh Westervelt","Mount Vernon Nazarene University","40","167.925","9","0","1","1","4","162.362","5.563"
"244","Emma O'Donnell","Kansas Wesleyan University","45","167.867","8","0","0","1","5","164.512","3.354"
"245","Payton Goodman","Rio Grande ,University Of","56","167.696","12","0","0","0","2","163.685","4.011"
"246","Lauren Sherman","Indiana Wesleyan University","48","167.479","11","0","0","2","7","159.853","7.626"
"247","Hailee Kerr","Rock Valley College","58","167.466","11","0","0","0","1","167.765","-0.299"
"248","Harlie Meske","Wisc.-Milwaukee","48","167.396","9","0","0","2","5","163.054","4.342"
"249","Madison Shelton","Michigan-Dearborn","40","167.3","9","0","0","0","4","164.163","3.137"
"250","Jaycee Whitaker","Tennessee Wesleyan University","45","166.956","11","0","0","0","0","171.116","-4.16"
"251","Kaitlyn Doyal","Peru State College","43","166.884","9","0","0","2","2","161.692","5.191"
"252","Nataleigh Eagle","Rochester University","56","166.5","12","0","1","1","1","170.236","-3.736"
"253","Annabelle Bitner","Kansas ,University Of","52","165.865","9","0","0","1","2","165.073","0.792"
"254","Faith Bell","Alma College","60","165.3","14","0","0","0","3","165.162","0.138"
"255","Meghan Schwab","Robert Morris University (PA)","42","165.262","9","0","0","0","1","164.237","1.025"
"256","Julianna Lemaster","Rio Grande ,University Of","50","165.26","12","0","1","1","3","163.501","1.759"
"257","Allyson Heidenreich","Barton Community College","44","165.205","9","0","0","1","1","168.973","-3.769"
"258","Annemarie Garcia","San Jose State University","61","165","10","1","7","8","8","157.277","7.723"
"259","Emily Spear","Alma College","50","164.92","13","0","1","1","2","163.871","1.049"
"260","Samantha Creutz","Midland University","49","164.673","11","0","0","0","1","168.079","-3.406"
"261","Kailey Mori","San Jose State University","60","164.583","10","4","7","8","8","157.04","7.543"
"262","Jayme Delgado","Texas A&M University","40","164.45","7","0","0","1","4","168.534","-4.084"
"263","Adriana Hernandez-Preston","San Jose State University","61","164.426","10","2","7","8","8","157.277","7.149"
"264","Kylie Carpenter","Northwestern Ohio ,University Of","54","164.259","11","0","0","0","1","163.428","0.832"
"265","Kamdyn Burman","Avila University","56","164.232","10","0","0","0","2","166.692","-2.46"
"266","Anna Becker","Hawkeye Community College","43","164.07","10","0","0","1","4","165.091","-1.022"
"267","Jaden Rabe","Barton Community College","48","163.917","10","0","0","0","2","169.198","-5.281"
"268","Lindsay Miller","Tiffin University","45","163.511","9","0","0","1","3","159.638","3.873"
"269","Cheyenne Cottrell","Indiana Wesleyan University","43","163.349","11","0","0","2","4","159.744","3.605"
"270","Paige Westergaard","Siena Heights University","46","163.239","10","0","0","0","3","167.566","-4.327"
"271","Kylee Busch","Kansas Wesleyan University","43","163.023","8","0","0","0","2","164.771","-1.747"
"272","Stephanie Thompson","Clarke University","48","162.917","10","0","0","2","3","169.25","-6.333"
"273","Samantha Malley","Columbia College","40","162.825","9","0","0","1","2","162.929","-0.104"
"274","Paige Hicks","Mount Vernon Nazarene University","43","162.791","11","0","0","0","4","160.576","2.215"
"275","Maycie Merritt","Thomas More University","40","162.375","8","0","0","1","1","162.103","0.272"
"276","Emma Nguyen","San Jose State University","61","162.197","10","1","7","8","8","157.277","4.92"
"277","Carmen Silva","University Of Saint Mary","41","161.951","8","0","0","1","2","162.474","-0.522"
"278","Whitney Goodman","Kentucky Wesleyan","41","161.146","9","0","0","0","0","172.366","-11.22"
"279","Kaylee Laha","Kansas Wesleyan University","41","160.805","8","0","0","0","4","164.464","-3.659"
"280","JoAnna Olstad","Wartburg College","50","160.64","9","0","0","0","2","168.23","-7.59"
"281","Kelsey Hicks","Mobile ,University Of","46","160.543","10","0","2","3","5","157.273","3.27"
"282","Caitlin Bosko","Purdue University","52","160.442","9","0","1","1","2","165.705","-5.263"
"283","Elizabeth Johll","Wartburg College","50","160.24","9","0","0","0","4","168.23","-7.99"
"284","Kendell Sheldon","Viterbo University","45","159.644","9","0","2","3","5","158.452","1.192"
"285","Alexa Klaasen","Iowa Central Community College","49","159.388","10","0","0","0","2","168.371","-8.983"
"286","Abi Larkin","Mount Vernon Nazarene University","44","159.273","11","0","0","0","1","162.447","-3.175"
"287","Gabbi McCarthy","Iowa Western Community College","48","159.146","9","0","0","0","3","165.014","-5.868"
"288","Jersie Benson","Luther College","49","157.918","9","0","0","0","2","166.436","-8.518"
"289","Kirsten Zirjacks","Avila University","48","157.896","9","0","0","0","1","167.374","-9.478"
"290","Jennifer Hayakawa","Clarke University","50","157.36","10","0","0","0","3","168.591","-11.231"
"291","LeAnn Severson","Rock Valley College","49","156.98","11","0","0","0","1","167.963","-10.984"
"292","Breanna Warren","Kansas State University","52","156.962","10","0","0","0","2","169.952","-12.991"
"293","Rainee VanHeerde","Bowling Green State University","40","156.925","10","0","0","0","2","161.852","-4.927"
"294","Alexis Goldthorpe","Tiffin University","47","156.851","9","0","0","0","3","159.546","-2.695"
"295","Autumn Thompson","Kansas Wesleyan University","41","156.756","8","0","0","0","2","164.105","-7.349"
"296","Sydnie Wilson","Tiffin University","42","156.5","8","0","0","0","1","159.226","-2.726"
"297","Elena McGuire","Kansas State University","55","155.618","11","0","0","0","1","170.076","-14.458"
"298","Katie Morse","Hastings College","43","155.419","10","0","0","0","1","164.313","-8.894"
"299","Katrina McKay","Michigan-Dearborn","42","155.381","10","0","0","0","2","164.915","-9.534"
"300","Abby Hume","Wartburg College","45","155.267","9","0","0","0","2","168.374","-13.107"
"301","Samantha Camilo","Hawkeye Community College","40","155.15","10","0","0","1","1","165.545","-10.395"
"302","Madelynn Napier","Union College","50","154.98","10","0","0","0","2","166.869","-11.889"
"303","Kaelyn Tolley","Mobile ,University Of","46","154.935","10","0","2","2","5","157.273","-2.339"
"304","Siena Shearer","Wisc.-Milwaukee","49","154.306","10","0","0","0","5","162.603","-8.297"
"305","Natalie Gilbert","Kansas State University","56","153.964","11","0","0","0","2","168.66","-14.696"
"306","McKenna Shaufenbuel","Wartburg College","47","153.787","9","0","0","0","1","168.323","-14.536"
"307","Maria Pawlak","Rock Valley College","56","153.482","11","0","0","0","1","168.113","-14.631"
"308","Brenna Winders","Southern Nazarene University","43","152.116","9","0","0","1","3","168.118","-16.002"
"309","Caitlyn Rawson","William Woods University","40","151.025","10","0","0","0","0","169.821","-18.796"
"310","Hannah Sherman","Alma College","41","150.878","10","0","0","0","2","161.337","-10.459"
"311","Chloe Hickland","Purdue University","49","150","9","0","0","0","1","166.479","-16.479"
"312","Savannah Hawkins","Southern Nazarene University","40","148.775","9","0","0","0","2","169.586","-20.811"
"313","Courtney Keller","Viterbo University","43","147.744","9","0","0","1","5","158.817","-11.072"
"314","Amber Thomason","Union College","48","146.729","10","0","0","0","1","167.178","-20.449"
"315","Cassidy Goans","Barton Community College","44","145.318","10","0","0","0","1","170.556","-25.238"
"316","Carlie Prymek","Luther College","49","144.653","9","0","0","0","1","166.436","-21.783"
"317","Elizabeth Barrientos","Kansas State University","40","143.925","11","0","0","0","0","170.939","-27.014"
"318","Rilee Allen","Culver-Stockton College","55","143.218","10","0","0","0","1","167.5","-24.281"
"319","Heaven Cooper","Union College","42","141.595","9","0","0","0","0","168.102","-26.507"
"320","Sydney Chandler","Kansas ,University Of","44","140.295","9","0","0","0","0","165.217","-24.922"
"321","Cat Tucker","Adrian College","40","138.9","8","0","0","0","1","163.503","-24.603"
"322","Ava Swanson","Wisc.-Milwaukee","49","138","10","0","0","0","3","162.681","-24.681"
"323","Sydney Hageman","Luther College","44","137.886","8","0","0","0","1","166.229","-28.342"
"324","Andrei Sebastian","San Jose State University","51","134.373","10","0","5","8","8","154.442","-20.069"
"325","Jocelyn Demiglio","Luther College","44","127.045","8","0","0","0","0","166.229","-39.183"
"326","Raven London","Mobile ,University Of","44","124.455","10","0","0","2","4","157.558","-33.103"
"327","Elizabeth Grady","Adrian College","41","122.22","9","0","0","0","1","163.738","-41.519"
"328","Ava Rich","Indiana Wesleyan University","40","114.8","9","0","0","0","0","159.038","-44.238"
"329","Madison Gipe","Mobile ,University Of","42","103.024","10","0","0","2","2","157.985","-54.961"